Model,From Scratch (min),Transfer (min),Time Saved (min),Reduction (%),AUC Improvement (%),Efficiency Score
ResNet-34,180,90,90,50.0,2.5884682197935382,1.7256454798623588
ViT-Base,150,80,70,46.666666666666664,3.1345127661149164,2.3508845745861873
EfficientNet-B3,200,100,100,50.0,4.69272821508675,2.81563692905205
