Model,From Scratch (min),Transfer (min),Time Saved (min),Reduction (%),AUC Improvement (%),Efficiency Score
ResNet-34,180,90,90,50.0,1.734057811697276,1.1560385411315173
ViT-Base,150,80,70,46.666666666666664,3.579225333221081,2.684418999915811
EfficientNet-B3,200,100,100,50.0,4.73584390722559,2.841506344335354
