Model,From Scratch (min),Transfer (min),Time Saved (min),Reduction (%),AUC Improvement (%),Efficiency Score
ResNet-34,180,90,90,50.0,2.558261643107529,1.7055077620716859
ViT-Base,150,80,70,46.666666666666664,3.3745731128492884,2.5309298346369666
EfficientNet-B3,200,100,100,50.0,4.101794387199432,2.4610766323196587
